{"a": {"0.1": {"street": 0.951678454875946, "motor": 0.04181383550167084, "busy": 0.004691381938755512, "road": 0.0011496726656332612, "side": 0.0006153754075057805}, "0.3": {"street": 0.5571010112762451, "motor": 0.19658179581165314, "busy": 0.09481339156627655, "road": 0.059332702308893204, "side": 0.04817444086074829}, "0.5": {"street": 0.34923458099365234, "motor": 0.1869318038225174, "busy": 0.12069224566221237, "road": 0.09110328555107117, "side": 0.08039836585521698}, "0.7": {"street": 0.2336352914571762, "motor": 0.14950548112392426, "busy": 0.10938053578138351, "road": 0.08947324752807617, "side": 0.08183072507381439}, "0.9": {"street": 0.15534360706806183, "motor": 0.10977338254451752, "busy": 0.08608736842870712, "road": 0.07363443076610565, "side": 0.06869443506002426}}, "man": {"0.1": {"is": 0.9950418472290039, "with": 0.004905145615339279, "in": 5.2814728405792266e-05, "standing": 1.5068181369315425e-07, "and": 5.900784216805732e-08}, "0.3": {"is": 0.8136594295501709, "with": 0.13847723603248596, "in": 0.030578341335058212, "standing": 0.004336930345743895, "and": 0.0031729659531265497}, "0.5": {"is": 0.5709664225578308, "with": 0.19732072949409485, "in": 0.07972477376461029, "standing": 0.02469758503139019, "and": 0.02047501690685749}, "0.7": {"is": 0.3712247908115387, "with": 0.17379552125930786, "in": 0.09097255021333694, "standing": 0.039389703422784805, "and": 0.03445231541991234}, "0.9": {"is": 0.22779090702533722, "with": 0.12623564898967743, "in": 0.07630039751529694, "standing": 0.03979085385799408, "and": 0.035854537039995193}}, "with": {"0.1": {"a": 1.0, "an": 6.597766495468338e-13, "two": 4.632359152842956e-14, "the": 8.305362182768703e-15, "his": 1.610068072349115e-15}, "0.3": {"a": 0.9998395442962646, "an": 8.704186620889232e-05, "two": 3.59085388481617e-05, "the": 2.024802415689919e-05, "his": 1.1718657333403826e-05}, "0.5": {"a": 0.9897667765617371, "an": 0.00362587021663785, "two": 0.002131539164111018, "the": 0.0015114875277504325, "his": 0.0010886836098507047}, "0.7": {"a": 0.9242944717407227, "an": 0.01681605353951454, "two": 0.011506003327667713, "the": 0.009000984020531178, "his": 0.007120364345610142}, "0.9": {"a": 0.743211030960083, "an": 0.032939162105321884, "two": 0.024520831182599068, "the": 0.020258016884326935, "his": 0.01688218116760254}}, "red": {"0.1": {"um": 0.8301669359207153, "hat": 0.1488407403230667, "tie": 0.008938581682741642, "sh": 0.006539606023579836, "motor": 0.002769042970612645}, "0.3": {"um": 0.39537498354911804, "hat": 0.22294312715530396, "tie": 0.08730578422546387, "sh": 0.07866896688938141, "motor": 0.059074047952890396}, "0.5": {"um": 0.2365352213382721, "hat": 0.16772857308387756, "tie": 0.09556886553764343, "sh": 0.08977864682674408, "motor": 0.07560119777917862}, "0.7": {"um": 0.15313543379306793, "hat": 0.11979570239782333, "tie": 0.08015825599431992, "sh": 0.07665842026472092, "motor": 0.06780195981264114}, "0.9": {"um": 0.09875740110874176, "hat": 0.08158896863460541, "tie": 0.059691764414310455, "sh": 0.057654693722724915, "motor": 0.052404165267944336}}, "hel": {"0.1": {"met": 1.0, "ium": 1.8823602598920476e-15, "ic": 1.532195695919923e-20, "m": 4.212776989999074e-22, "oc": 6.95615820590658e-25}, "0.3": {"met": 0.9999872446060181, "ium": 1.2347079064056743e-05, "ic": 2.483713217316108e-07, "m": 7.496391418726489e-08, "oc": 8.860373768015961e-09}, "0.5": {"met": 0.9986786246299744, "ium": 0.001133355894125998, "ic": 0.00010876487067434937, "m": 5.300775956129655e-05, "oc": 1.4719722457812168e-05}, "0.7": {"met": 0.9889348149299622, "ium": 0.007790307980030775, "ic": 0.0014604897005483508, "m": 0.0008740483317524195, "oc": 0.0003500077873468399}, "0.9": {"met": 0.9593368172645569, "ium": 0.022173136472702026, "ic": 0.006030304357409477, "m": 0.0040450431406497955, "oc": 0.0019851350225508213}}, "met": {"0.1": {"and": 0.9571073055267334, "is": 0.02631569467484951, "on": 0.01646794006228447, "standing": 0.00010262132855132222, "": 2.8215763450134546e-06}, "0.3": {"and": 0.598338782787323, "is": 0.18059177696704865, "on": 0.1544683426618576, "standing": 0.028425371274352074, "": 0.008579401299357414}, "0.5": {"and": 0.38950908184051514, "is": 0.18983156979084015, "on": 0.17284360527992249, "standing": 0.06259980797767639, "": 0.03050871007144451}, "0.7": {"and": 0.264339417219162, "is": 0.15819689631462097, "on": 0.1479504406452179, "standing": 0.0716240331530571, "": 0.04286420717835426}, "0.9": {"and": 0.17714190483093262, "is": 0.11882417649030685, "on": 0.11279385536909103, "standing": 0.06415648013353348, "": 0.04303526133298874}}, "on": {"0.1": {"a": 0.9997997879981995, "the": 0.00020027378923259676, "his": 2.816698652097216e-09, "an": 2.0349089878684157e-15, "motor": 4.611998047801915e-16}, "0.3": {"a": 0.9434347748756409, "the": 0.05520138889551163, "his": 0.0013324632309377193, "an": 1.1956120943068527e-05, "motor": 7.2896132223831955e-06}, "0.5": {"a": 0.8290828466415405, "the": 0.15098720788955688, "his": 0.016164543107151985, "an": 0.0009557060548104346, "motor": 0.0007102204253897071}, "0.7": {"a": 0.7112768888473511, "the": 0.21072296798229218, "his": 0.042715493589639664, "an": 0.005665939301252365, "motor": 0.004583300091326237}, "0.9": {"a": 0.5728872418403625, "the": 0.22240690886974335, "his": 0.06427616626024246, "an": 0.013356572017073631, "motor": 0.011325743049383163}}, "small": {"0.1": {"motor": 0.9999736547470093, "boat": 2.627477078931406e-05, "horse": 7.496261389405845e-08, "bi": 1.2377864011536843e-10, "blue": 2.052451091028029e-11}, "0.3": {"motor": 0.966182291507721, "boat": 0.02872384339570999, "horse": 0.004073907155543566, "bi": 0.0004815180436708033, "blue": 0.0002645374333951622}, "0.5": {"motor": 0.834080696105957, "boat": 0.10118547081947327, "horse": 0.03134579956531525, "bi": 0.008704413659870625, "blue": 0.006076659541577101}, "0.7": {"motor": 0.6392413377761841, "boat": 0.14168202877044678, "horse": 0.061346132308244705, "bi": 0.024565763771533966, "blue": 0.01900414377450943}, "0.9": {"motor": 0.43715715408325195, "boat": 0.13542497158050537, "horse": 0.07062447816133499, "bi": 0.03465944901108742, "blue": 0.028386617079377174}}, "m": {"0.1": {"oped": 0.9980728626251221, "ule": 0.0019267339957877994, "ush": 3.301218498563685e-07, "ans": 1.2354335610087475e-10, "ira": 3.2735730792765594e-11}, "0.3": {"oped": 0.8829364776611328, "ule": 0.10993808507919312, "ush": 0.006106125190854073, "ans": 0.00044002896174788475, "ira": 0.0002826285781338811}, "0.5": {"oped": 0.7273451089859009, "ule": 0.20838786661624908, "ush": 0.0367826409637928, "ans": 0.007590527646243572, "ira": 0.0058198594488203526}, "0.7": {"oped": 0.574596643447876, "ule": 0.2352883368730545, "ush": 0.06816774606704712, "ans": 0.022081496194005013, "ira": 0.01826539635658264}, "0.9": {"oped": 0.4251292645931244, "ule": 0.2122890204191208, "ush": 0.08099663257598877, "ans": 0.03370580077171326, "ira": 0.029081447049975395}}, "oped": {"0.1": {"is": 0.8485885262489319, "": 0.13013526797294617, "driving": 0.015787199139595032, "with": 0.004890646319836378, "r": 0.0005933026550337672}, "0.3": {"is": 0.46668604016304016, "": 0.24979905784130096, "driving": 0.12365949898958206, "with": 0.08367220312356949, "r": 0.04142073914408684}, "0.5": {"is": 0.2879534363746643, "": 0.19790732860565186, "driving": 0.129790797829628, "with": 0.10267297178506851, "r": 0.06733457744121552}, "0.7": {"is": 0.1770419329404831, "": 0.1354401856660843, "driving": 0.10020217299461365, "with": 0.08475629985332489, "r": 0.06270492076873779}, "0.9": {"is": 0.10928020626306534, "": 0.08872859925031662, "driving": 0.07019009441137314, "with": 0.06162077933549881, "r": 0.048746053129434586}}, "d": {"0.1": {"irt": 1.0, "amp": 7.553093256356414e-23, "ried": 1.8354642000745064e-27, "ull": 5.90009059760205e-29, "icy": 9.048082073307534e-30}, "0.3": {"irt": 1.0, "amp": 4.22710186853692e-08, "ried": 1.2243837055336826e-09, "ull": 3.893026456758264e-10, "icy": 2.0837868930367875e-10}, "0.5": {"irt": 0.9999512434005737,